"CA1 Personal Income Summary: Personal Income, Population, Per Capita Personal Income",,,,,,,,,,,,,,,,,
Population (number of persons) 1/,,,,,,,,,,,,,,,,,
Bureau of Economic Analysis ,,,,,,,,,,,,,,,,,
Metropolitan Statistical Area,,,,,,,,,,,,,,,,,
GeoFips,GeoName,2001,2002,2003,2004,2005,2006,2007,2008,2009,2010,2011,2012,2013,2014,2015,2016
998,United States (Metropolitan Portion),240185545,242723041,245051163,247568092,250097293,252699347,255358770,258055365,260633360,263106151,265421570,267809886,270070665,272468701,274828476,277079532
10180,"Abilene, TX (Metropolitan Statistical Area)",158917,159012,158810,160156,160761,161389,162023,162508,163888,165603,166651,167540,167609,168465,169893,170364
10420,"Akron, OH (Metropolitan Statistical Area)",698108,699533,701139,701811,702498,702433,703423,703300,703361,703124,703115,702477,703433,704355,703358,702221
10500,"Albany, GA (Metropolitan Statistical Area)",157735,156947,156914,156911,156886,157412,157367,157551,157969,157663,157814,157322,155953,155154,153508,152219
10540,"Albany, OR (Metropolitan Statistical Area)",103544,104561,106035,106799,108132,110764,112932,114967,116001,116888,118127,118332,118496,119188,120444,122849
10580,"Albany-Schenectady-Troy, NY (Metropolitan Statistical Area)",831034,836753,844619,850384,854604,860365,863068,866282,869361,871103,873214,875637,878401,879775,880803,881839
10740,"Albuquerque, NM (Metropolitan Statistical Area)*",741932,757716,772128,789237,809551,831252,849641,863383,876448,889639,896818,900781,902911,903658,905174,909906
10780,"Alexandria, LA (Metropolitan Statistical Area)",145102,145416,146017,146973,147930,151142,151506,152442,153164,154136,154426,154588,154828,154861,154662,154789
10900,"Allentown-Bethlehem-Easton, PA-NJ (Metropolitan Statistical Area)",748705,756628,766938,777277,787738,798586,807578,814050,817779,822129,825160,827294,827238,830452,833049,835652
11020,"Altoona, PA (Metropolitan Statistical Area)",128471,127631,127353,127194,126730,127002,127048,127112,127161,127053,127178,126991,126419,126019,125506,124650
11100,"Amarillo, TX (Metropolitan Statistical Area)",230351,232326,235138,237566,240380,242656,244608,246458,249373,252722,256008,257784,258952,260858,261613,263342
11180,"Ames, IA (Metropolitan Statistical Area)",80260,81885,82068,82754,82884,84739,86540,87831,89285,89634,90864,91799,93569,95366,96346,97090
11260,"Anchorage, AK (Metropolitan Statistical Area)",326081,332582,337730,345245,350903,358718,360194,365633,374562,383181,388228,392318,397066,398625,399432,402557
11460,"Ann Arbor, MI (Metropolitan Statistical Area)",328749,332763,336154,339422,342234,344018,345310,341595,343520,345568,349071,351299,354573,358980,360847,364709
11500,"Anniston-Oxford-Jacksonville, AL (Metropolitan Statistical Area)",111266,111625,112705,113462,114477,115388,116211,117274,118363,118468,117736,117208,116475,115837,115285,114611
11540,"Appleton, WI (Metropolitan Statistical Area)",205676,208747,211350,213592,215925,218441,220368,222402,224632,225937,227502,228669,229935,231525,233056,234079
11700,"Asheville, NC (Metropolitan Statistical Area)",374904,379818,385178,390713,396408,404546,411842,417457,422014,425461,428403,431888,437020,441258,446138,452319
12020,"Athens-Clarke County, GA (Metropolitan Statistical Area)",168973,170838,173847,178106,178974,183171,186781,189948,192021,193450,194634,196370,197793,198787,202822,205290
12060,"Atlanta-Sandy Springs-Roswell, GA (Metropolitan Statistical Area)",4402455,4489288,4572541,4659574,4770870,4931848,5066356,5170099,5240828,5303929,5373558,5452145,5517230,5605765,5699050,5789700
12100,"Atlantic City-Hammonton, NJ (Metropolitan Statistical Area)",255737,259263,263285,267723,270332,271759,272303,273014,274049,274757,275017,275604,275784,274715,273035,270991
12220,"Auburn-Opelika, AL (Metropolitan Statistical Area)",116819,118392,120071,122274,126133,129247,131934,134524,138566,140804,144123,148289,151411,154277,156767,158991
12260,"Augusta-Richmond County, GA-SC (Metropolitan Statistical Area)",512626,516818,520120,526789,531294,538643,545524,552627,558096,566569,570925,576549,579840,583462,590047,594919
12420,"Austin-Round Rock, TX (Metropolitan Statistical Area)",1321316,1347822,1376030,1410058,1453358,1515485,1577856,1633870,1682338,1727656,1780819,1834319,1882856,1941389,1998104,2056405
12540,"Bakersfield, CA (Metropolitan Statistical Area)",676574,694059,714272,736296,760726,784511,803281,818327,830137,841676,849484,855808,864454,872138,879497,884788
12580,"Baltimore-Columbia-Towson, MD (Metropolitan Statistical Area)",2575471,2596501,2614232,2630946,2644231,2658162,2667619,2679819,2696018,2715705,2735170,2755622,2771765,2784254,2793837,2798886
12620,"Bangor, ME (Metropolitan Statistical Area)",146110,147298,148759,148814,149726,151446,152232,153372,153770,153872,153814,153589,153518,153500,152478,151806
12700,"Barnstable Town, MA (Metropolitan Statistical Area)",224087,225421,226011,224264,221995,220037,218380,217066,215994,215908,215372,214915,214844,214858,214621,214276
12940,"Baton Rouge, LA (Metropolitan Statistical Area)",710731,715379,722274,729774,735507,771940,779796,787767,795897,804311,808397,813756,819507,825155,829741,835175
12980,"Battle Creek, MI (Metropolitan Statistical Area)",138158,138580,138962,139443,138946,138291,137582,137313,136301,136025,135245,134777,134869,134976,134447,134386
13020,"Bay City, MI (Metropolitan Statistical Area)",109836,109861,109559,109453,109165,108711,108132,108320,107913,107688,107498,107091,106910,106232,105557,104747
13140,"Beaumont-Port Arthur, TX (Metropolitan Statistical Area)",397731,397949,398146,398998,400115,393468,396665,399641,401592,403704,405226,403668,405225,405407,408261,409968
13220,"Beckley, WV (Metropolitan Statistical Area)",125318,125672,125519,125145,124570,124378,124566,124550,124816,124900,125203,125140,124414,123480,122255,120924
13380,"Bellingham, WA (Metropolitan Statistical Area)",171172,174904,177851,181756,185450,188926,192837,196708,199865,201586,203482,205008,206348,208325,212164,216800
13460,"Bend-Redmond, OR (Metropolitan Statistical Area)",120526,125247,129094,133756,140567,148149,152633,156820,157345,157839,159775,161765,165859,170193,174942,181307
13740,"Billings, MT (Metropolitan Statistical Area)",141458,142891,144443,146238,148558,150471,152455,155110,157395,159358,160768,162853,165155,166739,168164,169728
13780,"Binghamton, NY (Metropolitan Statistical Area)",252580,253430,252932,252605,252088,252441,252442,252527,252171,251469,250404,249219,248498,247462,245879,244094
13820,"Birmingham-Hoover, AL (Metropolitan Statistical Area)",1059082,1062966,1070886,1078204,1086318,1098818,1107256,1117101,1125271,1128937,1130857,1133917,1138578,1141775,1144857,1147417
13900,"Bismarck, ND (Metropolitan Statistical Area)",101289,102340,103201,104211,105942,107861,109742,111282,113143,115277,117384,120254,124035,126754,129717,131635
13980,"Blacksburg-Christiansburg-Radford, VA (Metropolitan Statistical Area)*",167434,167498,168270,169018,170990,173039,174908,176348,177535,178523,178893,179560,180875,181429,181701,182876
14010,"Bloomington, IL (Metropolitan Statistical Area)",169505,172555,174481,175767,177015,179717,181965,183558,185265,186445,187336,189057,191162,190086,188933,188644
14020,"Bloomington, IN (Metropolitan Statistical Area)",143650,144707,146835,148549,150096,152548,154352,156164,157840,160140,161712,162673,163110,164466,165066,166336
14100,"Bloomsburg-Berwick, PA (Metropolitan Statistical Area)",82592,82838,83240,83511,83718,83996,84303,84735,85385,85671,85289,85342,85463,85366,84944,84763
14260,"Boise City, ID (Metropolitan Statistical Area)",486078,499994,512491,525975,546980,570583,590330,603218,611341,618025,627610,637527,649653,664024,675777,691423
14460,"Boston-Cambridge-Newton, MA-NH (Metropolitan Statistical Area)",4432132,4440034,4434723,4424956,4418046,4427356,4447838,4483141,4527220,4565907,4608410,4652011,4696293,4734711,4766755,4794447
14500,"Boulder, CO (Metropolitan Statistical Area)*",300137,279468,278768,279728,280241,284243,287428,290859,293190,295983,300597,305350,310287,313204,318738,322226
14540,"Bowling Green, KY (Metropolitan Statistical Area)",136901,138510,140921,143044,145918,149324,151710,154513,156978,159155,160761,162207,164114,165942,168620,171122
14740,"Bremerton-Silverdale, WA (Metropolitan Statistical Area)",234513,238129,239758,241960,239806,245054,244105,246912,248800,251735,254451,254729,253114,254272,260514,264811
14860,"Bridgeport-Stamford-Norwalk, CT (Metropolitan Statistical Area)",889063,892900,896342,897472,897653,896254,897498,903824,910421,919750,928890,934931,940621,943686,944674,944177
15180,"Brownsville-Harlingen, TX (Metropolitan Statistical Area)",342368,350194,358492,366299,373429,380169,386306,393000,400303,407629,412937,415445,417260,419191,419893,422135
15260,"Brunswick, GA (Metropolitan Statistical Area)",95052,96612,98180,99879,101532,104715,107334,109579,111343,112540,113031,113407,113872,114750,116022,116784
15380,"Buffalo-Cheektowaga-Niagara Falls, NY (Metropolitan Statistical Area)",1165067,1161678,1159918,1156070,1148563,1141712,1137678,1136364,1135377,1135709,1135817,1135633,1136417,1137186,1135479,1132804
15500,"Burlington, NC (Metropolitan Statistical Area)",133346,135239,136009,137619,139311,141462,144712,147704,149954,151486,152847,153659,154622,156036,157857,159688
15540,"Burlington-South Burlington, VT (Metropolitan Statistical Area)",201361,203052,204201,205652,206637,207426,208232,209332,210435,211554,212890,214006,215223,216537,217273,217365
15680,"California-Lexington Park, MD (Metropolitan Statistical Area)",87455,89819,92333,94900,96871,98849,100599,101921,103273,105752,107781,109071,109607,110483,111628,112587
15940,"Canton-Massillon, OH (Metropolitan Statistical Area)",406256,406039,406046,405960,405168,405343,405939,406140,405127,404295,403159,403394,403270,403751,402655,401281
15980,"Cape Coral-Fort Myers, FL (Metropolitan Statistical Area)",461037,478889,497662,522431,555029,582678,604716,610984,612297,620590,630543,644096,660085,678048,700285,722336
16020,"Cape Girardeau, MO-IL (Metropolitan Statistical Area)",91226,91694,91840,92734,93173,94167,94616,95031,95634,96443,97064,97278,97286,97589,97514,97443
16060,"Carbondale-Marion, IL (Metropolitan Statistical Area)",121267,121086,121792,122841,123881,124594,124719,125279,125893,126819,127031,125755,126980,126643,126809,126430
16180,"Carson City, NV (Metropolitan Statistical Area)",53472,54503,55234,55995,55982,55410,55288,55552,55401,55025,54738,54540,53989,54385,54405,54742
16220,"Casper, WY (Metropolitan Statistical Area)",66978,67554,68246,69035,69922,70806,72365,73682,75238,75474,76410,78602,81092,81432,82191,81039
16300,"Cedar Rapids, IA (Metropolitan Statistical Area)",240145,242099,243272,245108,247265,249524,252709,255503,256896,258408,260882,261705,262295,263734,265850,267799
16540,"Chambersburg-Waynesboro, PA (Metropolitan Statistical Area)",130604,131998,133583,135742,138927,142421,144840,147032,148662,149948,151014,151575,152063,152751,153295,153851
16580,"Champaign-Urbana, IL (Metropolitan Statistical Area)",212461,214532,217483,219215,221400,224622,227498,228381,230826,232298,233325,234442,235612,236788,237840,238554
16620,"Charleston, WV (Metropolitan Statistical Area)",233423,232093,231566,230874,229041,227750,227165,226811,227421,226896,225811,225796,224687,222797,220375,217916
16700,"Charleston-North Charleston, SC (Metropolitan Statistical Area)",556901,565179,573376,587231,598313,614463,628384,643613,655447,667501,681318,697123,711449,727027,744603,761155
16740,"Charlotte-Concord-Gastonia, NC-SC (Metropolitan Statistical Area)",1769476,1806638,1841489,1880010,1934168,2009239,2086153,2151756,2195856,2223454,2256476,2294642,2334781,2377378,2424643,2474314
16820,"Charlottesville, VA (Metropolitan Statistical Area)*",193611,196350,198602,200985,204975,208519,211383,214672,217176,219094,221251,222966,224347,226440,228977,231349
16860,"Chattanooga, TN-GA (Metropolitan Statistical Area)",481798,485957,490089,494709,499564,506473,513100,518778,524082,529228,533351,538156,541926,543891,547007,551632
16940,"Cheyenne, WY (Metropolitan Statistical Area)",82554,83226,84084,85427,85732,86819,87654,89077,90430,92272,92637,94785,95929,96264,97183,98136
16980,"Chicago-Naperville-Elgin, IL-IN-WI (Metropolitan Statistical Area)",9169580,9206032,9233303,9260676,9276302,9297749,9337140,9384555,9429498,9471637,9493862,9516555,9535961,9543893,9532569,9512999
17020,"Chico, CA (Metropolitan Statistical Area)",206193,209120,211481,213065,214752,216824,217469,219034,219777,219983,219987,221180,222116,223974,225251,226864
17140,"Cincinnati, OH-KY-IN (Metropolitan Statistical Area)",2012228,2020396,2031529,2042753,2054879,2069960,2084042,2095040,2107649,2117889,2122659,2128439,2136296,2146784,2155392,2165139
17300,"Clarksville, TN-KY (Metropolitan Statistical Area)",223001,224096,223891,228899,237633,237426,247849,248331,256545,261718,264443,275272,273191,277759,280988,282349
17420,"Cleveland, TN (Metropolitan Statistical Area)",105295,105979,106754,108099,109410,111177,112935,114306,115090,115936,116620,117707,118521,119643,120651,121262
17460,"Cleveland-Elyria, OH (Metropolitan Statistical Area)",2141787,2136201,2131150,2122934,2111699,2099415,2091596,2085110,2081063,2075769,2068471,2064240,2064501,2063862,2059929,2055612
17660,"Coeur d'Alene, ID (Metropolitan Statistical Area)",111542,113667,116512,121002,125972,129510,132811,135627,137407,138887,141025,142311,144299,147294,150364,154311
17780,"College Station-Bryan, TX (Metropolitan Statistical Area)",188315,192016,196234,199374,203500,209014,213000,218658,225114,229480,231386,234025,237722,242530,250040,254928
17820,"Colorado Springs, CO (Metropolitan Statistical Area)",557057,565688,569231,578345,587778,602532,609490,620644,630998,650397,660230,669014,678235,686022,697619,712327
17860,"Columbia, MO (Metropolitan Statistical Area)",138181,140695,143019,145348,148786,152784,155666,158089,160565,163201,166030,168746,171072,172906,174546,176594
17900,"Columbia, SC (Metropolitan Statistical Area)",659125,666087,676083,690421,699160,715091,730546,745740,759400,769689,776543,783941,791746,799854,809771,817488
17980,"Columbus, GA-AL (Metropolitan Statistical Area)",283646,285398,278969,284887,286358,289129,286274,286985,292968,296506,302721,311071,316616,314029,311820,308755
18020,"Columbus, IN (Metropolitan Statistical Area)",72110,71890,72299,72882,73660,74508,75265,76080,76566,76845,77626,78927,79491,80182,81011,81402
18140,"Columbus, OH (Metropolitan Statistical Area)",1706779,1726352,1749262,1769572,1791126,1816992,1841539,1865647,1887548,1906516,1925857,1946428,1970123,1996809,2020144,2041520
18580,"Corpus Christi, TX (Metropolitan Statistical Area)",402647,405692,406915,411936,416308,419530,420407,423168,427262,427997,431010,436817,443126,448106,452735,454726
18700,"Corvallis, OR (Metropolitan Statistical Area)",78491,80203,80322,80149,80943,81957,83718,84150,85390,85566,85999,86441,86066,87112,88271,89385
18880,"Crestview-Fort Walton Beach-Destin, FL (Metropolitan Statistical Area)",214955,220192,223227,230024,233437,235216,235032,235315,235687,236006,238918,247584,252819,257029,262140,267059
19060,"Cumberland, MD-WV (Metropolitan Statistical Area)",101596,101462,101457,101658,101172,101304,101981,102462,103181,103245,102638,101869,101331,100645,99944,99541
19100,"Dallas-Fort Worth-Arlington, TX (Metropolitan Statistical Area)",5376413,5482944,5575785,5666333,5776543,5942755,6081907,6211115,6341740,6452677,6571576,6704080,6813055,6945274,7089888,7233323
19140,"Dalton, GA (Metropolitan Statistical Area)",124015,126208,128476,131307,133885,136581,138792,140415,140897,142318,142508,142585,142261,142853,143452,143904
19180,"Danville, IL (Metropolitan Statistical Area)",83646,83299,82996,82955,82728,82715,82258,81930,81710,81617,81380,80774,80495,79695,78990,78111
19300,"Daphne-Fairhope-Foley, AL (Metropolitan Statistical Area)",144875,147957,151509,156266,162183,168121,172404,175827,179406,183199,186653,190403,195147,199745,203690,208563
19340,"Davenport-Moline-Rock Island, IA-IL (Metropolitan Statistical Area)",374561,373740,372975,372740,372876,373762,375121,376467,378108,380241,381119,382828,384024,383972,383426,382268
19380,"Dayton, OH (Metropolitan Statistical Area)",804479,804286,804926,805930,804766,803498,801852,800209,798895,800307,801312,802216,801308,800746,799800,800683
19460,"Decatur, AL (Metropolitan Statistical Area)",146552,146464,147386,147324,148399,149519,150690,151890,153269,153916,154040,153911,153222,153034,152520,152256
19500,"Decatur, IL (Metropolitan Statistical Area)",113604,112564,111572,111181,111083,110808,110751,110588,110732,110779,110624,110083,109533,108479,107377,106550
19660,"Deltona-Daytona Beach-Ormond Beach, FL (Metropolitan Statistical Area)",505047,516153,529021,546232,563305,579087,589451,590912,589388,590727,591935,595884,601295,610384,623378,637674
19740,"Denver-Aurora-Lakewood, CO (Metropolitan Statistical Area)*",2218759,2266781,2284876,2304818,2332749,2374194,2418686,2463971,2509417,2554864,2600899,2647830,2698125,2752433,2808816,2853077
19780,"Des Moines-West Des Moines, IA (Metropolitan Statistical Area)",489761,496276,503406,511257,521578,532738,543590,553644,562601,571994,580851,589499,600073,611900,622580,634725
19820,"Detroit-Warren-Dearborn, MI (Metropolitan Statistical Area)",4461855,4456433,4453371,4445887,4431048,4409697,4377116,4339504,4311728,4291373,4287293,4293573,4295413,4299512,4297538,4297617
20020,"Dothan, AL (Metropolitan Statistical Area)",131413,131967,133586,135057,136643,139070,141157,142958,144396,145894,146728,147631,147556,148021,148171,147834
20100,"Dover, DE (Metropolitan Statistical Area)",129228,131824,134605,139342,144585,149704,153969,157925,160081,162990,165258,167605,169457,171949,173533,174827
20220,"Dubuque, IA (Metropolitan Statistical Area)",88932,89132,90012,90462,90769,91258,92130,92519,92948,93926,94564,95211,95964,96582,97034,97003
20260,"Duluth, MN-WI (Metropolitan Statistical Area)",276946,276852,277209,277087,276682,276710,277209,278561,279465,279743,279775,279468,279708,279917,279381,279227
20500,"Durham-Chapel Hill, NC (Metropolitan Statistical Area)",435229,441780,446402,451323,458287,468238,478699,489919,499753,508147,515990,525158,533470,542595,551237,559535
20700,"East Stroudsburg, PA (Metropolitan Statistical Area)",143775,148833,154027,158181,162045,165185,167352,168576,169390,169910,169868,168567,167271,167197,166499,166098
20740,"Eau Claire, WI (Metropolitan Statistical Area)",149655,150846,151816,153419,154809,156167,157654,158700,160271,161662,162842,163924,164964,165151,165654,166614
20940,"El Centro, CA (Metropolitan Statistical Area)",143707,145640,148984,152259,156113,160505,164596,167917,172008,174751,176227,177287,177194,178866,179806,180883
21060,"Elizabethtown-Fort Knox, KY (Metropolitan Statistical Area)",135657,136591,136333,138230,140177,140870,141844,142988,143829,149945,151386,150567,151648,151970,148532,149538
21140,"Elkhart-Goshen, IN (Metropolitan Statistical Area)",184708,184543,187149,189316,192242,195047,196304,197762,197514,197473,198495,199172,200354,201609,203284,203781
21300,"Elmira, NY (Metropolitan Statistical Area)",90780,90613,90154,89777,88860,88732,88634,88503,88849,88972,88988,89264,88498,87506,87120,86322
21340,"El Paso, TX (Metropolitan Statistical Area)",692568,699844,708545,720997,731511,748254,759040,773304,790182,807108,822888,834204,834549,837433,837208,841971
21420,"Enid, OK (Metropolitan Statistical Area)",57279,57249,57230,57459,57358,57723,58153,58845,59989,60758,60706,61278,62326,62839,63360,62603
21500,"Erie, PA (Metropolitan Statistical Area)",280647,280379,280153,277864,277211,278389,278573,278686,279838,280771,281197,281541,280613,279251,278052,276207
21660,"Eugene, OR (Metropolitan Statistical Area)",324855,327506,330845,332327,335831,339926,344844,348176,350850,351976,353641,354993,355812,358442,362600,369519
21780,"Evansville, IN-KY (Metropolitan Statistical Area)",297027,298383,300628,302310,303844,305549,307468,308614,310170,311815,312666,313561,314590,315227,315713,315948
21820,"Fairbanks, AK (Metropolitan Statistical Area)*",84814,86095,86885,89043,90431,90545,93545,94552,95238,98293,98100,100330,100879,99295,99639,100605
22020,"Fargo, ND-MN (Metropolitan Statistical Area)",177033,178891,181539,186448,189303,193412,197121,201346,206223,209416,212875,217250,223834,228422,233642,238124
22140,"Farmington, NM (Metropolitan Statistical Area)",115745,119430,121553,123179,124809,125028,126149,126905,129359,130135,127991,128331,126518,124055,118701,115079
22180,"Fayetteville, NC (Metropolitan Statistical Area)",339038,341482,339823,345748,343493,348725,350780,355712,362658,367528,373288,373867,377785,378009,378422,380389
22220,"Fayetteville-Springdale-Rogers, AR-MO (Metropolitan Statistical Area)",358350,367634,379457,392694,407987,424016,436539,446592,455143,465345,475177,484290,493045,502392,513449,525032
22380,"Flagstaff, AZ (Metropolitan Statistical Area)",118283,121308,122882,125117,127025,128695,130442,131853,133477,134624,134186,135999,136641,137695,139076,140908
22420,"Flint, MI (Metropolitan Statistical Area)",438584,440062,441689,442534,442508,441164,438109,433082,427989,425056,421773,418029,415553,412813,410442,408615
22500,"Florence, SC (Metropolitan Statistical Area)",194240,195590,197053,198010,199167,200913,202246,203805,204825,205680,205736,206153,206146,206702,206341,205976
22520,"Florence-Muscle Shoals, AL (Metropolitan Statistical Area)",142584,142163,142382,143112,143717,144707,145593,146675,146952,147268,147053,147187,147169,147432,146772,146534
22540,"Fond du Lac, WI (Metropolitan Statistical Area)",97856,98097,98470,98929,99297,99920,100520,101122,101370,101709,101902,101865,101868,102018,101943,102144
22660,"Fort Collins, CO (Metropolitan Statistical Area)",260541,265372,268448,271510,275116,280713,286112,291650,296696,300523,305267,310965,316605,324709,333869,339993
22900,"Fort Smith, AR-OK (Metropolitan Statistical Area)",258087,260117,261903,264035,266708,271075,274305,276322,278908,280712,281018,280830,280070,279967,280445,281227
23060,"Fort Wayne, IN (Metropolitan Statistical Area)",393580,396147,398993,400583,403240,406783,410223,412062,414438,416913,419811,421749,424241,426613,429372,431802
23420,"Fresno, CA (Metropolitan Statistical Area)",813021,829762,847193,861035,872470,883862,895933,909630,921478,932463,940496,946844,953762,963151,972130,979915
23460,"Gadsden, AL (Metropolitan Statistical Area)",102976,102988,103025,103080,103174,103528,103893,104206,104239,104449,104236,104215,103790,103371,102873,102564
23540,"Gainesville, FL (Metropolitan Statistical Area)",236001,239116,242033,245138,249557,255729,259295,261685,263486,264620,266709,268473,269548,272759,276583,280708
23580,"Gainesville, GA (Metropolitan Statistical Area)",146148,150229,153561,156385,160979,166524,172446,177277,178503,180002,182878,184929,187373,190215,193257,196637
23900,"Gettysburg, PA (Metropolitan Statistical Area)",92591,93934,95503,97300,98606,99899,100502,101056,101252,101475,101650,101535,101407,101612,102063,102180
24020,"Glens Falls, NY (Metropolitan Statistical Area)",124548,124926,125944,126854,127674,128325,128794,129100,128771,128999,128806,128484,127922,127324,126782,126367
24140,"Goldsboro, NC (Metropolitan Statistical Area)",113934,114305,114595,116484,117009,117534,118942,119910,121217,122908,124042,124551,124634,124583,124319,124150
24220,"Grand Forks, ND-MN (Metropolitan Statistical Area)",96663,96367,96267,98164,97777,98266,97606,98092,97941,98621,98194,99189,100956,101603,102226,102743
24260,"Grand Island, NE (Metropolitan Statistical Area)",77308,77526,77941,78215,78140,78556,78988,79947,81169,82063,82700,83428,83990,84566,84773,85148
24300,"Grand Junction, CO (Metropolitan Statistical Area)",119496,122440,124994,127678,130194,134665,139434,143155,147851,146486,147172,147471,147372,147502,148401,150083
24340,"Grand Rapids-Wyoming, MI (Metropolitan Statistical Area)",944552,952185,959259,965089,970713,976610,981643,984563,987281,989543,996657,1007358,1018731,1029340,1038337,1047099
24420,"Grants Pass, OR (Metropolitan Statistical Area)",76452,77712,78779,79729,80660,81601,81746,82389,82315,82865,82638,82798,83268,83604,84742,85904
24500,"Great Falls, MT (Metropolitan Statistical Area)",80055,79848,79633,80198,80041,79984,80099,80529,80680,81532,81784,81767,82367,82236,82118,81755
24540,"Greeley, CO (Metropolitan Statistical Area)*",192360,202234,208858,215322,222879,230703,237692,243442,248193,254164,258629,263997,270182,276163,285053,294932
24580,"Green Bay, WI (Metropolitan Statistical Area)",285783,288713,291169,294570,296800,298702,301190,302468,304686,306741,308780,311053,312483,314590,316413,318236
24660,"Greensboro-High Point, NC (Metropolitan Statistical Area)",652741,657855,663140,667711,677080,689637,700485,711405,718902,725135,730168,735776,741009,746804,751776,756139
24780,"Greenville, NC (Metropolitan Statistical Area)",136605,139128,141610,144486,147929,152934,157479,162116,165581,168825,170756,172913,174332,175105,176182,177220
24860,"Greenville-Anderson-Mauldin, SC (Metropolitan Statistical Area)",735668,741131,747276,754196,763048,777494,793500,808765,819279,825800,833486,841636,849359,861119,873231,884975
25060,"Gulfport-Biloxi-Pascagoula, MS (Metropolitan Statistical Area)",368163,370891,371296,379253,383412,347253,356789,363290,367577,371450,375743,379022,382312,386080,388561,391266
25180,"Hagerstown-Martinsburg, MD-WV (Metropolitan Statistical Area)",211521,215706,221396,227681,234198,240604,245305,248303,249783,252378,254514,256202,257802,259697,261205,263817
25220,"Hammond, LA (Metropolitan Statistical Area)",101657,102511,103782,105335,106987,114102,116792,118621,120009,121492,122629,123655,125430,127024,128756,130710
25260,"Hanford-Corcoran, CA (Metropolitan Statistical Area)",132881,135369,139393,143601,145147,147712,150420,152027,152278,152368,151895,151042,150480,149669,150331,149785
25420,"Harrisburg-Carlisle, PA (Metropolitan Statistical Area)",511391,515553,519152,521882,525775,532268,537268,542301,546874,550247,551791,554898,558061,561145,565096,568033
25500,"Harrisonburg, VA (Metropolitan Statistical Area)*",110317,112152,113151,114542,116602,118858,120825,122361,124144,125414,126870,128524,129037,130465,131182,132822
25540,"Hartford-West Hartford-East Hartford, CT (Metropolitan Statistical Area)",1158513,1169000,1179394,1182605,1187929,1193725,1198395,1204436,1209604,1214233,1216375,1214938,1214837,1212571,1209953,1206836
25620,"Hattiesburg, MS (Metropolitan Statistical Area)",125102,126193,127371,128966,130815,134167,137293,139305,141266,143295,145267,146559,147788,148155,148716,149138
25860,"Hickory-Lenoir-Morganton, NC (Metropolitan Statistical Area)",346952,348299,349472,351224,354159,357492,360791,364003,365639,365520,364584,363784,363378,362652,362883,364187
25940,"Hilton Head Island-Bluffton-Beaufort, SC (Metropolitan Statistical Area)",146574,150392,152234,157787,163343,169619,174382,180019,183971,187846,189366,193412,197634,202176,207671,211614
25980,"Hinesville, GA (Metropolitan Statistical Area)",71939,73399,71252,74609,76395,75199,76089,75379,80848,77368,80383,81590,80707,82325,80328,81007
26140,"Homosassa Springs, FL (Metropolitan Statistical Area)",121197,123491,126215,129840,133791,137826,140974,142122,141381,141263,139841,139341,139063,139264,140974,143621
26300,"Hot Springs, AR (Metropolitan Statistical Area)",89032,89630,90483,91084,92096,94077,94753,95636,95840,96123,96617,96794,96986,97183,97154,97477
26380,"Houma-Thibodaux, LA (Metropolitan Statistical Area)",195360,196692,198156,199363,200467,204379,205401,207056,207769,208224,208655,208878,209951,211395,212187,211525
26420,"Houston-The Woodlands-Sugar Land, TX (Metropolitan Statistical Area)",4817815,4937081,5036393,5132602,5233729,5423615,5540882,5676381,5826108,5948174,6057412,6180817,6324167,6488046,6647465,6772470
26580,"Huntington-Ashland, WV-KY-OH (Metropolitan Statistical Area)",360868,360609,361922,361774,361864,362868,363249,363898,364731,365070,364794,364827,363988,363038,361357,359588
26620,"Huntsville, AL (Metropolitan Statistical Area)",348453,354116,359920,365248,372777,382821,391922,402361,412182,419311,425165,430141,435608,440761,444924,449720
26820,"Idaho Falls, ID (Metropolitan Statistical Area)",106082,107768,109937,113168,116208,119981,124203,128353,131621,133815,134972,136254,136928,137978,139651,142572
26900,"Indianapolis-Carmel-Anderson, IN (Metropolitan Statistical Area)",1687209,1708018,1729297,1750639,1772959,1800724,1826515,1850321,1873460,1892652,1910347,1928964,1953043,1971060,1986542,2004230
26980,"Iowa City, IA (Metropolitan Statistical Area)",134610,136056,137863,140149,141650,143698,146129,148799,151556,152989,155552,158793,161790,164377,166818,168828
27060,"Ithaca, NY (Metropolitan Statistical Area)",97458,98227,99049,99531,99433,99651,99910,100383,101497,101774,102111,103135,104270,104498,104564,104871
27100,"Jackson, MI (Metropolitan Statistical Area)",159772,160893,162119,162140,163047,163387,163316,160825,160114,160169,159673,160102,159789,159597,159465,158460
27140,"Jackson, MS (Metropolitan Statistical Area)",528292,530930,535600,542144,547444,556877,559153,561812,564376,568791,574032,576464,577382,578733,578666,579229
27180,"Jackson, TN (Metropolitan Statistical Area)",123387,123890,123886,125351,126192,127602,128134,128445,129164,130016,129794,130343,130645,130102,129588,129527
27260,"Jacksonville, FL (Metropolitan Statistical Area)",1148091,1171363,1193042,1222866,1249072,1282311,1306788,1322728,1334972,1349137,1362140,1379131,1395363,1419765,1448016,1478212
27340,"Jacksonville, NC (Metropolitan Statistical Area)",151068,153397,150481,158837,157205,161185,163256,169059,173064,179613,177898,183807,185545,185252,187033,187136
27500,"Janesville-Beloit, WI (Metropolitan Statistical Area)",153174,153628,154268,155685,156761,158538,159912,160647,160411,160229,159985,160232,160565,161181,161334,161620
27620,"Jefferson City, MO (Metropolitan Statistical Area)",140991,142190,143171,142637,144450,145654,146455,147792,148880,149953,150321,150350,150610,150785,151058,151391
27740,"Johnson City, TN (Metropolitan Statistical Area)",182187,183973,186040,187317,189182,191943,193819,196242,197698,199013,199639,200443,200545,200225,200607,201661
27780,"Johnstown, PA (Metropolitan Statistical Area)",150902,149831,148836,147886,146975,146093,145283,144646,144186,143464,142572,141531,138837,137517,136194,134732
27860,"Jonesboro, AR (Metropolitan Statistical Area)",108774,109191,110177,111370,112570,114629,116163,117915,120114,121253,122817,124241,125810,126776,128390,129858
27900,"Joplin, MO (Metropolitan Statistical Area)",158567,160092,162037,163997,166160,168701,171224,172744,174394,175866,176667,174477,175238,176125,176943,177805
27980,"Kahului-Wailuku-Lahaina, HI (Metropolitan Statistical Area)",132428,134583,137596,140625,143448,145776,148117,151424,153393,155072,156849,158588,160976,163338,164357,165474
28020,"Kalamazoo-Portage, MI (Metropolitan Statistical Area)",316512,318714,320856,319746,320268,321197,322070,323363,325604,326905,328393,330519,332492,334187,335030,336877
28100,"Kankakee, IL (Metropolitan Statistical Area)",104490,104932,105794,106744,107917,109735,111499,112658,113107,113447,113518,112976,112227,111461,110795,110008
28140,"Kansas City, MO-KS (Metropolitan Statistical Area)",1837551,1858778,1875142,1892097,1909428,1931764,1954688,1973888,1994834,2013735,2024762,2038675,2053766,2069314,2084464,2104509
28420,"Kennewick-Richland, WA (Metropolitan Statistical Area)",196420,202688,209043,213854,219086,224149,229255,237348,245600,255646,263641,268258,271048,274330,279162,283846
28660,"Killeen-Temple, TX (Metropolitan Statistical Area)",336409,341231,342865,349745,357533,365460,380804,392237,395375,408330,412654,420059,422933,424994,430788,435857
28700,"Kingsport-Bristol-Bristol, TN-VA (Metropolitan Statistical Area)*",298648,299267,300370,300668,302519,304535,306805,308069,309293,309561,309069,308751,308135,307522,306715,306334
28740,"Kingston, NY (Metropolitan Statistical Area)",178440,180128,180942,181847,182438,182845,182818,183174,182638,182408,182647,181811,180987,180680,179824,179225
28940,"Knoxville, TN (Metropolitan Statistical Area)",756459,763352,772111,780124,790669,804860,816480,827099,833862,838857,842946,847602,851811,856428,861169,868546
29020,"Kokomo, IN (Metropolitan Statistical Area)",84909,84563,84538,84291,84382,83943,83743,83472,82701,82727,82856,82914,82840,82739,82581,82568
29100,"La Crosse-Onalaska, WI-MN (Metropolitan Statistical Area)",127624,128261,128780,128992,129549,130147,131190,131920,133072,133885,134179,135519,135891,136468,136830,136936
29180,"Lafayette, LA (Metropolitan Statistical Area)",426750,430358,432900,436018,439936,450740,454315,459111,463998,467615,470685,474223,479634,484965,489865,491528
29200,"Lafayette-West Lafayette, IN (Metropolitan Statistical Area)",180706,181781,183621,184996,188023,192060,195149,197954,200775,202083,204469,207371,210074,212141,214305,216679
29340,"Lake Charles, LA (Metropolitan Statistical Area)",193171,193321,194552,195444,196263,193069,194598,196362,198010,200005,200515,201190,202179,203512,205495,207483
29420,"Lake Havasu City-Kingman, AZ (Metropolitan Statistical Area)",160312,166155,172633,180521,188773,196168,199760,200078,199696,200378,202635,203126,202622,202985,204165,205249
29460,"Lakeland-Winter Haven, FL (Metropolitan Statistical Area)",492917,501469,513058,527685,547373,568324,585982,594801,598683,603213,609669,615294,622656,634932,649425,666149
29540,"Lancaster, PA (Metropolitan Statistical Area)",475483,480118,485119,489977,494722,500922,506639,511957,516577,520361,523689,526864,530189,533650,536349,538500
29620,"Lansing-East Lansing, MI (Metropolitan Statistical Area)",452051,455420,458376,461724,462743,463349,463804,463638,463147,464247,466100,466782,467959,470107,471794,475099
29700,"Laredo, TX (Metropolitan Statistical Area)",200347,206001,211786,217858,223703,229307,234594,240287,245908,251335,255486,259738,263564,266605,268929,271193
29740,"Las Cruces, NM (Metropolitan Statistical Area)",176496,178464,182045,184939,189199,193701,197853,200855,205401,210203,212869,214162,213651,213536,213567,214207
29820,"Las Vegas-Henderson-Paradise, NV (Metropolitan Statistical Area)",1460500,1522962,1584166,1662773,1729522,1803774,1867817,1912349,1939407,1953216,1966295,1995815,2025096,2064899,2109289,2155664
29940,"Lawrence, KS (Metropolitan Statistical Area)",101269,102552,103570,104826,105681,107187,107892,109010,110039,111245,112424,113304,114672,116430,117915,119440
30020,"Lawton, OK (Metropolitan Statistical Area)",119955,119889,117484,122341,121475,122980,125814,124166,126131,131561,132255,132755,131154,131071,130168,128077
30140,"Lebanon, PA (Metropolitan Statistical Area)",120954,121698,123154,124644,126197,128302,130182,131574,132959,133675,134482,135633,135866,136657,137729,138863
30300,"Lewiston, ID-WA (Metropolitan Statistical Area)",57446,57601,58183,58581,58979,59646,59908,60203,60464,61047,61354,61443,62029,62160,62235,62675
30340,"Lewiston-Auburn, ME (Metropolitan Statistical Area)",104260,105063,106140,106867,107352,107932,107739,108284,107830,107705,107394,107539,107370,107408,107245,107319
30460,"Lexington-Fayette, KY (Metropolitan Statistical Area)",414520,418448,424953,430229,436898,445685,452138,460112,467328,473469,478670,484626,489625,494301,500663,506751
30620,"Lima, OH (Metropolitan Statistical Area)",108523,108518,107418,106826,106861,106716,106717,106773,106518,106395,105939,105295,105129,104944,104210,103742
30700,"Lincoln, NE (Metropolitan Statistical Area)",271237,274972,279194,281768,285469,288940,292502,296258,299633,302993,306681,310587,314566,319198,322827,326921
30780,"Little Rock-North Little Rock-Conway, AR (Metropolitan Statistical Area)",618126,624166,631032,639558,648784,661719,671441,681888,691903,702410,710767,717660,724077,728962,731542,734622
30860,"Logan, UT-ID (Metropolitan Statistical Area)",104294,107180,108819,110813,112580,113321,115901,119394,123048,126160,127692,128757,130040,131133,133093,136159
30980,"Longview, TX (Metropolitan Statistical Area)",195374,197750,199547,201231,203062,205537,207813,210058,213121,214726,215893,216578,216189,216420,217242,217446
31020,"Longview, WA (Metropolitan Statistical Area)",93608,94325,94516,95541,96536,99162,100744,101688,102126,102413,102378,101840,101784,102106,103378,105160
31080,"Los Angeles-Long Beach-Anaheim, CA (Metropolitan Statistical Area)",12511491,12614158,12696521,12734974,12726428,12670216,12631988,12692740,12774577,12843120,12942360,13038490,13128012,13201053,13268828,13310447
31140,"Louisville/Jefferson County, KY-IN (Metropolitan Statistical Area)",1132204,1140281,1151726,1161921,1172611,1187190,1202720,1216853,1227965,1237828,1244624,1252625,1263229,1270881,1277583,1283430
31180,"Lubbock, TX (Metropolitan Statistical Area)",260015,262680,266338,268466,270478,274419,277466,280321,286236,292260,295440,298111,301644,306677,310688,314840
31340,"Lynchburg, VA (Metropolitan Statistical Area)*",229499,230356,232634,234574,238515,243213,246827,249299,251441,253058,254241,255745,256946,258009,259378,260232
31420,"Macon-Bibb County, GA (Metropolitan Statistical Area)",222869,224661,225987,227394,228125,229655,230452,231314,232065,232265,232820,232880,231321,230630,229909,229182
31460,"Madera, CA (Metropolitan Statistical Area)",125581,128369,132738,137106,140313,143622,146067,148359,149234,151099,151962,151947,151811,154071,154306,154697
31540,"Madison, WI (Metropolitan Statistical Area)",544773,552305,559138,566363,573036,580296,587711,594452,601715,606556,613897,620503,627406,633892,640614,648929
31700,"Manchester-Nashua, NH (Metropolitan Statistical Area)",387414,389665,391461,394428,396381,398169,398843,399556,400148,401039,401774,402651,403308,405003,406015,407761
31740,"Manhattan, KS (Metropolitan Statistical Area)",81374,81205,81847,83411,84195,86648,87724,90328,91201,93320,95370,98608,98113,97497,98506,97004
31860,"Mankato-North Mankato, MN (Metropolitan Statistical Area)",87105,88107,89336,90152,91111,92879,93963,95121,96111,96844,97319,98009,97820,98727,99178,100016
31900,"Mansfield, OH (Metropolitan Statistical Area)",128187,128363,128312,128094,127724,127292,126995,126128,125308,124174,123062,122590,122250,121912,121581,121107
32580,"McAllen-Edinburg-Mission, TX (Metropolitan Statistical Area)",590067,610520,632475,653779,674982,695352,715264,736694,757468,779150,794682,806388,817039,829088,839314,849843
32780,"Medford, OR (Metropolitan Statistical Area)",183835,186704,189838,192185,194701,196858,199152,201162,202301,203410,204794,206346,207862,210311,213534,216527
32820,"Memphis, TN-MS-AR (Metropolitan Statistical Area)",1224627,1235125,1247414,1258948,1271965,1291868,1302273,1310829,1317719,1326399,1332162,1339880,1340453,1341563,1341954,1342842
32900,"Merced, CA (Metropolitan Statistical Area)",218816,225351,231735,237180,242554,245338,248540,250538,252302,256831,259678,261430,262661,265139,267101,268672
33100,"Miami-Fort Lauderdale-West Palm Beach, FL (Metropolitan Statistical Area)",5110780,5197205,5261713,5336368,5411148,5429748,5422987,5454633,5504624,5584384,5697425,5779518,5856943,5930210,6001717,6066387
33140,"Michigan City-La Porte, IN (Metropolitan Statistical Area)",110077,109555,109027,108914,109541,109641,110846,111267,111465,111454,111202,111201,111323,111665,110762,110015
33220,"Midland, MI (Metropolitan Statistical Area)",83576,83664,84012,84058,83930,83693,83600,83605,83639,83663,83755,83678,83578,83459,83618,83462
33260,"Midland, TX (Metropolitan Statistical Area)",120877,122371,123717,125144,126963,130287,133448,137060,140948,141791,144973,152143,157350,161564,166995,168288
33340,"Milwaukee-Waukesha-West Allis, WI (Metropolitan Statistical Area)",1507257,1514251,1519746,1522302,1522391,1523907,1530492,1538232,1549613,1556802,1561396,1567414,1570802,1573609,1574349,1572482
33460,"Minneapolis-St. Paul-Bloomington, MN-WI (Metropolitan Statistical Area)",3086645,3116197,3143413,3171902,3199046,3234367,3269613,3301252,3330508,3355763,3389448,3422542,3458513,3491838,3518252,3551036
33540,"Missoula, MT (Metropolitan Statistical Area)",97435,98968,99976,100934,102298,104372,106110,107747,108717,109455,110169,111092,111707,112595,113982,116130
33660,"Mobile, AL (Metropolitan Statistical Area)",400129,398549,398082,397959,398942,402916,405715,409196,411994,413369,413178,413760,413884,414342,414634,414836
33700,"Modesto, CA (Metropolitan Statistical Area)",463761,477469,487357,492613,500020,504651,507834,509032,511536,515342,518073,521360,524744,529754,535385,541560
33740,"Monroe, LA (Metropolitan Statistical Area)",169572,170352,171306,171969,172241,174102,173927,174425,175667,176801,177376,177848,178528,178982,179463,179470
33780,"Monroe, MI (Metropolitan Statistical Area)",147605,148561,149747,151117,152374,153460,153424,152806,152296,151946,151513,150862,150224,149936,149494,149208
33860,"Montgomery, AL (Metropolitan Statistical Area)",348725,350984,352411,355009,358659,365989,369390,370249,371860,375147,375576,374861,373979,373488,373563,373922
34060,"Morgantown, WV (Metropolitan Statistical Area)",112764,114343,116466,118062,119937,121894,123507,125267,127498,130333,132295,134418,135658,136909,137735,138380
34100,"Morristown, TN (Metropolitan Statistical Area)",103821,103919,105291,106314,107703,109708,111776,113115,113618,114247,114824,115140,115434,115673,116702,117320
34580,"Mount Vernon-Anacortes, WA (Metropolitan Statistical Area)",104534,105563,107369,109030,110683,112621,114066,115808,116557,117006,117759,117987,118679,120303,121724,123681
34620,"Muncie, IN (Metropolitan Statistical Area)",120281,119949,119935,118938,118170,117326,117229,117007,117490,117690,117872,117090,116989,116612,116019,115603
34740,"Muskegon, MI (Metropolitan Statistical Area)",171055,171563,172269,172771,173608,173710,173738,173846,172755,171922,169979,170126,172230,172281,172697,173408
34820,"Myrtle Beach-Conway-North Myrtle Beach, SC-NC (Metropolitan Statistical Area)",277987,284862,292309,302421,317745,336132,351472,363866,371417,378584,385649,393935,404597,417604,432493,449295
34900,"Napa, CA (Metropolitan Statistical Area)",126818,128744,130138,130387,130381,131440,132583,134093,135280,136813,137940,138898,140102,141097,141854,142166
34940,"Naples-Immokalee-Marco Island, FL (Metropolitan Statistical Area)",264240,275490,285321,296021,307452,312621,314437,316641,318485,322724,327541,332332,339244,347899,356570,365136
34980,"Nashville-Davidson--Murfreesboro--Franklin, TN (Metropolitan Statistical Area)",1409191,1427867,1450015,1478449,1511310,1553397,1592365,1626925,1654243,1676004,1698198,1727218,1758292,1793083,1828961,1865298
35100,"New Bern, NC (Metropolitan Statistical Area)",116388,115664,115776,116520,117787,119915,120873,122491,125202,127116,128260,128622,127519,127318,126211,126111
35300,"New Haven-Milford, CT (Metropolitan Statistical Area)",829875,835099,841939,844505,847162,850207,853598,856622,860025,863480,864009,864177,862712,861534,859073,856875
35380,"New Orleans-Metairie, LA (Metropolitan Statistical Area)",1344528,1354638,1365146,1377699,1386429,1040195,1096365,1135831,1167842,1195636,1214086,1228094,1240964,1251221,1262071,1268883
35620,"New York-Newark-Jersey City, NY-NJ-PA (Metropolitan Statistical Area)",19109150,19195261,19248311,19253664,19227714,19200372,19236108,19338823,19469123,19600799,19751176,19864434,19968845,20052234,20118063,20153634
35660,"Niles-Benton Harbor, MI (Metropolitan Statistical Area)",161153,160604,160314,159742,158510,157537,157378,157380,157059,156793,156518,156093,155501,155439,154629,154010
35840,"North Port-Sarasota-Bradenton, FL (Metropolitan Statistical Area)",605988,620540,634862,653934,674757,685132,691735,695944,697973,703486,709039,720231,732157,748250,768013,788457
35980,"Norwich-New London, CT (Metropolitan Statistical Area)",261396,264698,266584,268595,269664,270814,270669,272634,273630,274072,273226,274267,273405,272053,270639,269801
36100,"Ocala, FL (Metropolitan Statistical Area)",264553,271716,280091,291164,303558,316310,325634,330052,330880,331437,332429,334294,335800,339079,343514,349020
36140,"Ocean City, NJ (Metropolitan Statistical Area)",102023,101694,101710,100482,99269,98695,97686,97550,97238,97267,96604,96460,95868,95417,94843,94430
36220,"Odessa, TX (Metropolitan Statistical Area)",120802,122199,122739,124163,125378,127476,130459,133064,136930,137083,139689,144513,149651,154570,159689,157462
36260,"Ogden-Clearfield, UT (Metropolitan Statistical Area)",495459,504247,513021,522374,532425,545746,561767,577040,588773,599866,606054,612811,622371,632055,642310,654417
36420,"Oklahoma City, OK (Metropolitan Statistical Area)",1108860,1122241,1134419,1145524,1161308,1182668,1199665,1216645,1237780,1257950,1276680,1297834,1320579,1336784,1356965,1373211
36500,"Olympia-Tumwater, WA (Metropolitan Statistical Area)",212421,216313,219499,222985,227023,232688,237772,244332,249936,253062,256516,258803,262536,265809,269183,275222
36540,"Omaha-Council Bluffs, NE-IA (Metropolitan Statistical Area)",776165,783567,792086,803214,814309,824961,834554,845119,856233,868189,876903,885736,895484,904555,914268,924129
36740,"Orlando-Kissimmee-Sanford, FL (Metropolitan Statistical Area)",1710359,1760345,1811544,1878077,1955794,2020057,2057865,2087489,2111917,2139507,2175702,2226473,2269622,2323059,2382132,2441257
36780,"Oshkosh-Neenah, WI (Metropolitan Statistical Area)",158163,159134,159440,160130,161451,162727,164037,164910,166429,167061,167646,168764,169518,169701,169565,169886
36980,"Owensboro, KY (Metropolitan Statistical Area)",109991,110190,110735,110999,111469,112152,112900,113651,114385,114782,115374,116078,116482,116604,117539,117959
37100,"Oxnard-Thousand Oaks-Ventura, CA (Metropolitan Statistical Area)",766689,779489,788070,793994,794197,798183,800027,806353,815130,825320,830707,834519,839498,844078,847719,849738
37340,"Palm Bay-Melbourne-Titusville, FL (Metropolitan Statistical Area)",486429,495425,504847,518722,529907,535138,539719,542378,542109,544008,544456,547753,551299,557299,567934,579130
37460,"Panama City, FL (Metropolitan Statistical Area)",165075,167638,170310,174259,178698,181500,181253,182118,183397,185071,185311,187698,190782,194796,197821,199964
37620,"Parkersburg-Vienna, WV (Metropolitan Statistical Area)",93536,93424,92974,92705,92655,92343,92295,92528,92544,92762,92605,92370,92323,92204,92094,91449
37860,"Pensacola-Ferry Pass-Brent, FL (Metropolitan Statistical Area)",419037,425006,428066,435466,439471,443378,443551,445392,446559,451116,455437,462584,468431,472603,478086,485684
37900,"Peoria, IL (Metropolitan Statistical Area)",365600,366312,366256,367962,369772,371687,374179,375982,379373,378947,379656,380386,381752,379869,377952,376246
37980,"Philadelphia-Camden-Wilmington, PA-NJ-DE-MD (Metropolitan Statistical Area)",5713954,5743383,5773864,5804535,5829139,5856125,5882126,5906917,5941539,5972049,5997026,6020631,6034367,6050799,6062303,6070500
38060,"Phoenix-Mesa-Scottsdale, AZ (Metropolitan Statistical Area)",3363736,3452470,3536388,3637332,3774696,3914212,4018128,4106372,4153609,4205016,4248813,4325218,4396197,4479955,4567857,4661537
38220,"Pine Bluff, AR (Metropolitan Statistical Area)",106464,105965,105465,104665,103917,103121,101921,101305,100593,100079,99020,97372,95712,94753,93904,91962
38300,"Pittsburgh, PA (Metropolitan Statistical Area)",2417480,2408348,2401168,2389107,2374483,2364039,2358914,2356802,2355432,2357043,2359851,2361663,2361413,2357987,2351271,2342299
38340,"Pittsfield, MA (Metropolitan Statistical Area)",133928,133529,133423,133076,132563,131977,131883,131372,131264,131280,130515,130201,129409,128633,127671,126903
38540,"Pocatello, ID (Metropolitan Statistical Area)",76296,76487,76312,76834,77419,78491,79338,80609,81994,83034,83584,83806,83467,83516,83911,84377
38860,"Portland-South Portland, ME (Metropolitan Statistical Area)",494975,500178,504858,508428,510287,510614,512265,514191,514728,513920,516093,518295,520597,524030,526795,529657
38900,"Portland-Vancouver-Hillsboro, OR-WA (Metropolitan Statistical Area)",1971152,2002918,2024115,2039297,2067325,2103164,2137828,2172853,2206737,2232543,2260165,2288142,2312503,2346192,2384807,2424955
38940,"Port St. Lucie, FL (Metropolitan Statistical Area)",328315,338741,351522,368277,383877,397053,410402,417520,419850,425264,428601,432671,437375,444274,454111,465208
39140,"Prescott, AZ (Metropolitan Statistical Area)",172636,177362,182090,187822,195424,204082,208773,211211,211172,211139,211138,212350,215027,218405,221584,225562
39300,"Providence-Warwick, RI-MA (Metropolitan Statistical Area)",1595424,1608716,1617623,1620567,1613353,1607583,1602603,1601459,1600970,1602537,1601851,1604242,1605670,1609551,1612574,1614750
39340,"Provo-Orem, UT (Metropolitan Statistical Area)",394059,405672,414780,425023,439623,457471,479181,497639,515010,530340,540980,550452,562641,571653,585362,603309
39380,"Pueblo, CO (Metropolitan Statistical Area)",144014,146537,147907,148654,149825,152026,155121,156748,157846,159521,159785,160397,160803,161350,163117,165123
39460,"Punta Gorda, FL (Metropolitan Statistical Area)",146311,150123,153235,157755,155262,157099,159742,160467,159629,159935,159671,162937,165018,168595,173194,178465
39540,"Racine, WI (Metropolitan Statistical Area)",189047,189833,190845,191808,193251,193915,194395,194730,195130,195444,194942,194610,194775,194925,194917,195140
39580,"Raleigh, NC (Metropolitan Statistical Area)",833100,859117,883333,909510,944725,989219,1034476,1077163,1110061,1137392,1163097,1188670,1213875,1241724,1271381,1302946
39660,"Rapid City, SD (Metropolitan Statistical Area)",121692,122822,123278,125419,125998,127471,128918,131119,133254,135062,136352,138642,141220,143345,144059,145661
39740,"Reading, PA (Metropolitan Statistical Area)",377487,381338,385846,390848,395933,401834,405223,407737,409904,411988,412676,413331,413687,414021,414635,414812
39820,"Redding, CA (Metropolitan Statistical Area)",166408,170198,173202,174867,175615,176166,176548,177247,177279,177320,177963,178430,179062,179717,179301,179631
39900,"Reno, NV (Metropolitan Statistical Area)",355341,365706,375713,386308,396546,404366,412724,418892,421787,426141,428836,432568,436773,442841,449427,457667
40060,"Richmond, VA (Metropolitan Statistical Area)*",1070817,1084389,1098631,1115900,1135074,1157286,1174344,1189113,1200712,1210272,1219657,1233682,1246100,1258885,1270414,1281708
40140,"Riverside-San Bernardino-Ontario, CA (Metropolitan Statistical Area)",3377365,3486938,3617771,3755607,3875709,3986510,4067344,4113447,4160685,4243788,4299091,4342166,4379397,4428390,4475437,4527837
40220,"Roanoke, VA (Metropolitan Statistical Area)*",289547,290466,292082,293745,296405,299930,302858,305596,307816,308641,309344,310850,312400,313418,314089,313698
40340,"Rochester, MN (Metropolitan Statistical Area)",187803,190646,193067,195300,197188,199763,201782,204181,206097,207178,208531,209603,211584,212562,213707,215884
40380,"Rochester, NY (Metropolitan Statistical Area)",1068215,1070355,1071918,1072494,1070418,1070370,1072040,1075302,1077941,1080362,1082694,1083350,1084250,1083371,1081280,1078879
40420,"Rockford, IL (Metropolitan Statistical Area)",323229,325747,329472,332230,335903,341202,347503,349937,349766,349233,347788,345736,344647,342345,340658,339376
40580,"Rocky Mount, NC (Metropolitan Statistical Area)",144034,144698,145487,146326,147027,148256,149644,151138,151729,152445,151793,150986,149990,149220,147750,147323
40660,"Rome, GA (Metropolitan Statistical Area)",91181,92597,93539,94014,94332,95165,95308,95922,96383,96423,96214,96065,96006,96061,96303,96560
40900,"Sacramento--Roseville--Arden-Arcade, CA (Metropolitan Statistical Area)",1866310,1923508,1970542,2008663,2034850,2057885,2082217,2108310,2132657,2154527,2174815,2193741,2214570,2240391,2267588,2296418
40980,"Saginaw, MI (Metropolitan Statistical Area)",209460,209323,208755,208489,207368,205822,203144,201966,200835,199916,198838,198352,196785,195252,193290,192326
41060,"St. Cloud, MN (Metropolitan Statistical Area)",170587,173123,175161,176860,179222,181873,184598,186507,188114,189218,190154,190695,191645,192925,194680,195644
41100,"St. George, UT (Metropolitan Statistical Area)",94512,99274,104188,110207,119000,126796,132277,135552,137088,138443,141541,144613,147628,151857,155450,160245
41140,"St. Joseph, MO-KS (Metropolitan Statistical Area)",123936,123894,123923,123366,123484,124222,125483,126077,127001,127242,127756,127992,127728,127313,126708,126565
41180,"St. Louis, MO-IL (Metropolitan Statistical Area)",2690131,2700121,2711031,2721868,2730316,2744265,2755581,2767776,2779404,2790092,2793811,2796903,2800154,2804862,2808330,2807002
41420,"Salem, OR (Metropolitan Statistical Area)",351581,356668,360377,363708,368046,374317,379755,384075,388323,391560,393731,396244,398325,402900,409377,418139
41500,"Salinas, CA (Metropolitan Statistical Area)",407082,408977,409725,408731,405139,401831,402376,406022,410263,416415,421157,425799,428064,429902,432007,435232
41540,"Salisbury, MD-DE (Metropolitan Statistical Area)",319128,325063,332157,338528,345704,353828,360918,366772,370558,374786,378238,381530,384841,389357,394521,400200
41620,"Salt Lake City, UT (Metropolitan Statistical Area)",954081,963150,971454,982034,997221,1018281,1037540,1055462,1074013,1091689,1107804,1124334,1141510,1152988,1167501,1186187
41660,"San Angelo, TX (Metropolitan Statistical Area)",105596,105732,106002,106373,106587,107774,108289,109210,110466,112280,113381,114993,116466,118273,119488,119943
41700,"San Antonio-New Braunfels, TX (Metropolitan Statistical Area)",1748123,1784153,1815846,1857602,1896328,1956361,2011543,2061275,2105672,2153229,2194063,2237381,2281831,2331197,2381703,2429609
41740,"San Diego-Carlsbad, CA (Metropolitan Statistical Area)",2869672,2900355,2914702,2930007,2938375,2947289,2975742,3022116,3061203,3104346,3140692,3181513,3218419,3258856,3290245,3317749
41860,"San Francisco-Oakland-Hayward, CA (Metropolitan Statistical Area)",4174788,4158544,4145965,4133400,4137858,4148724,4183637,4243932,4302830,4345175,4398193,4458646,4521994,4585623,4642227,4679166
41940,"San Jose-Sunnyvale-Santa Clara, CA (Metropolitan Statistical Area)",1742726,1724404,1718790,1718016,1729959,1745283,1766098,1795231,1819573,1842191,1869027,1895787,1924432,1947922,1968578,1978816
42020,"San Luis Obispo-Paso Robles-Arroyo Grande, CA (Metropolitan Statistical Area)",251462,253083,254674,256842,258615,260498,262770,266358,268145,269909,271176,274487,276191,278877,280960,282887
42100,"Santa Cruz-Watsonville, CA (Metropolitan Statistical Area)",256045,254531,253021,252356,251377,251616,253304,256520,260009,263270,264896,266435,268948,270971,273627,274673
42140,"Santa Fe, NM (Metropolitan Statistical Area)",131057,133555,135213,136391,137610,138786,140210,141704,143205,144465,145378,146157,146754,147329,147708,148651
42200,"Santa Maria-Santa Barbara, CA (Metropolitan Statistical Area)",403164,405178,406810,407284,408079,408085,411243,415859,420356,424396,425998,430638,435800,440553,443815,446170
42220,"Santa Rosa, CA (Metropolitan Statistical Area)",465293,465298,466489,466809,465938,465188,467356,473091,479479,484817,487641,490509,494657,499168,501474,503070
42340,"Savannah, GA (Metropolitan Statistical Area)",297133,301644,304585,310553,314528,322065,329943,335185,344017,348739,355820,362193,365600,372202,378829,384024
42540,"Scranton--Wilkes-Barre--Hazleton, PA (Metropolitan Statistical Area)",557476,555702,555483,555495,556652,557626,560032,561548,562933,563742,564006,564348,562004,560170,557743,555225
42660,"Seattle-Tacoma-Bellevue, WA (Metropolitan Statistical Area)",3092927,3118302,3133021,3158967,3198265,3257081,3304467,3355042,3414797,3448746,3497925,3552815,3609617,3667042,3727097,3798902
42680,"Sebastian-Vero Beach, FL (Metropolitan Statistical Area)",115456,118144,120450,125001,127955,131463,134564,136277,137016,138243,139027,140650,141966,144740,147792,151563
42700,"Sebring, FL (Metropolitan Statistical Area)",88510,89939,90943,93079,95614,97788,99023,99568,98956,98664,98308,98045,97817,98085,99447,100917
43100,"Sheboygan, WI (Metropolitan Statistical Area)",113023,113251,113433,113832,114454,114775,115178,115652,115562,115475,115360,115046,114978,115303,115591,115427
43300,"Sherman-Denison, TX (Metropolitan Statistical Area)",112330,113239,114421,114998,115666,117174,118331,118834,120069,121037,121274,121636,122249,123500,125537,128235
43340,"Shreveport-Bossier City, LA (Metropolitan Statistical Area)",417622,417953,418234,421695,424302,430852,431496,433607,435976,441197,445048,448471,446809,444951,444132,441767
43420,"Sierra Vista-Douglas, AZ (Metropolitan Statistical Area)",118798,119847,120638,123234,125786,127241,128206,129023,130081,131807,132960,131843,129554,127321,126395,125770
43580,"Sioux City, IA-NE-SD (Metropolitan Statistical Area)",167040,166544,166232,166178,164840,165345,165607,166196,167549,168830,168952,168691,168582,168607,168710,169140
43620,"Sioux Falls, SD (Metropolitan Statistical Area)",191693,194442,197813,202328,206605,211576,216943,221887,225913,229226,232758,237753,243263,247936,251889,255729
43780,"South Bend-Mishawaka, IN-MI (Metropolitan Statistical Area)",316897,316678,316545,316831,317221,317778,318668,319966,319189,318979,319169,318662,318820,319433,319799,320740
43900,"Spartanburg, SC (Metropolitan Statistical Area)",286282,288166,289742,291107,293722,298146,303275,308845,312435,313681,314761,316643,318753,321389,324863,329136
44060,"Spokane-Spokane Valley, WA (Metropolitan Statistical Area)",474933,479375,483328,488534,494408,502564,512037,518646,524826,528595,529942,532440,535711,540840,547392,556634
44100,"Springfield, IL (Metropolitan Statistical Area)",202427,203281,203901,204526,204988,205887,206771,207874,208900,210507,211634,211995,211578,211537,210950,210015
44140,"Springfield, MA (Metropolitan Statistical Area)",609075,612241,615294,615860,616530,617576,618276,619668,620687,623470,626107,626996,628057,630076,630127,630283
44180,"Springfield, MO (Metropolitan Statistical Area)",375215,380529,387040,394660,402883,413765,423127,429289,434220,437411,440371,444693,448775,452263,456328,458930
44220,"Springfield, OH (Metropolitan Statistical Area)",143803,143229,141758,141380,141367,140668,139829,139404,138778,138245,137754,137172,136689,136412,135815,134786
44300,"State College, PA (Metropolitan Statistical Area)",137620,140821,142926,144238,145543,148734,149498,151645,153052,154304,154995,155936,158331,159666,160491,161464
44420,"Staunton-Waynesboro, VA (Metropolitan Statistical Area)*",109602,110436,111549,112751,114085,116262,117708,118420,118593,118351,118893,118668,119432,119842,120463,121247
44700,"Stockton-Lodi, CA (Metropolitan Statistical Area)",591207,609041,626778,642898,656985,662812,668080,671692,677736,687380,694943,700611,703265,713218,723496,733709
44940,"Sumter, SC (Metropolitan Statistical Area)",104629,105380,105112,106099,106082,105953,106014,106463,107004,107575,107292,107943,107870,107821,107382,107396
45060,"Syracuse, NY (Metropolitan Statistical Area)",650697,652241,655091,656149,655021,655321,656209,658913,660857,663082,662882,661753,663196,661792,660008,656510
45220,"Tallahassee, FL (Metropolitan Statistical Area)",324386,327940,334289,339179,344257,350580,357357,361238,364690,369355,371156,375391,373268,375595,377806,379627
45300,"Tampa-St. Petersburg-Clearwater, FL (Metropolitan Statistical Area)",2444015,2487445,2529652,2587771,2651580,2699935,2726780,2746981,2763937,2788839,2828665,2847624,2871972,2915715,2971086,3032171
45460,"Terre Haute, IN (Metropolitan Statistical Area)",170497,170055,170438,170001,170634,171730,171987,171967,172190,172298,172515,172510,171990,171283,170754,170687
45500,"Texarkana, TX-AR (Metropolitan Statistical Area)",142882,143149,143582,143996,144534,146051,146273,147495,148743,149356,149605,149705,149636,149539,149847,150098
45540,"The Villages, FL (Metropolitan Statistical Area)",55793,59539,61934,64456,69261,76202,82101,86433,90643,94280,98584,102790,108263,114012,118882,123996
45780,"Toledo, OH (Metropolitan Statistical Area)",619037,618721,619006,618181,616819,614581,613567,611964,610734,610124,609337,608196,607728,606698,605579,605221
45820,"Topeka, KS (Metropolitan Statistical Area)",225090,225355,226153,227155,228208,228825,230025,231272,232548,234280,234711,234495,233943,233791,233572,233068
45940,"Trenton, NJ (Metropolitan Statistical Area)",353816,355935,358724,361248,362015,362840,363088,364119,365388,367997,368044,370087,371506,371688,371199,371023
46060,"Tucson, AZ (Metropolitan Statistical Area)",859280,874267,885893,901342,920298,940930,955869,967778,975580,981927,987816,992490,996634,1003157,1008205,1016206
46140,"Tulsa, OK (Metropolitan Statistical Area)",867602,874844,877577,878004,882861,894011,906441,916525,929824,939982,945936,952978,962553,969821,980459,987201
46220,"Tuscaloosa, AL (Metropolitan Statistical Area)",205692,206365,207368,209105,212545,217938,220757,224304,228631,230453,231439,233333,235344,238084,240223,241378
46340,"Tyler, TX (Metropolitan Statistical Area)",177836,181107,184254,187300,191362,196124,199953,203263,207111,210465,212691,214774,216515,219669,222478,225290
46520,"Urban Honolulu, HI (Metropolitan Statistical Area)",882755,890473,894311,907997,918181,926954,925335,933680,943177,956325,966279,975909,984730,988586,993166,992605
46540,"Utica-Rome, NY (Metropolitan Statistical Area)",298521,298049,298323,298986,298574,298258,298831,298886,299000,299262,298907,298588,297922,296815,294949,293803
46660,"Valdosta, GA (Metropolitan Statistical Area)",119736,121305,121850,124387,126411,129323,131036,134907,137780,140081,142173,144352,143192,143785,143746,144676
46700,"Vallejo-Fairfield, CA (Metropolitan Statistical Area)",404209,408226,408409,409301,408181,408402,408243,408972,410290,414034,416486,419881,423972,429601,434321,440207
47020,"Victoria, TX (Metropolitan Statistical Area)",91511,91624,91809,91789,91523,91649,92403,92926,93792,94084,94671,96405,97521,98584,99763,99984
47220,"Vineland-Bridgeton, NJ (Metropolitan Statistical Area)",146451,147294,148437,149837,152022,153371,154489,155738,156531,156598,157000,157071,156264,156346,155241,153797
47260,"Virginia Beach-Norfolk-Newport News, VA-NC (Metropolitan Statistical Area)*",1593489,1608368,1616332,1642657,1649013,1665757,1663563,1662528,1668443,1679971,1686878,1698219,1706348,1717186,1723468,1726907
47300,"Visalia-Porterville, CA (Metropolitan Statistical Area)",373171,379568,388743,398226,407970,414921,422140,429283,436987,443083,447384,450701,453354,456115,458238,460437
47380,"Waco, TX (Metropolitan Statistical Area)",233379,234661,236830,239419,240784,242397,244453,246735,249441,253819,255615,256939,258633,260155,262361,265207
47460,"Walla Walla, WA (Metropolitan Statistical Area)",59106,59661,60111,60679,60543,60600,60737,61218,62080,63029,63511,63396,63512,63626,64087,64278
47580,"Warner Robins, GA (Metropolitan Statistical Area)",147377,150927,154342,159187,161847,165671,170285,173782,176793,180420,183565,185536,186432,187530,187990,190028
47900,"Washington-Arlington-Alexandria, DC-VA-MD-WV (Metropolitan Statistical Area)*",4970350,5055829,5124633,5199870,5273577,5318889,5372905,5445083,5547895,5666655,5777111,5870500,5957037,6020777,6078469,6131977
47940,"Waterloo-Cedar Falls, IA (Metropolitan Statistical Area)",163590,162634,162388,162793,163260,163976,164310,165724,167225,167919,168302,168678,169692,170210,170691,170015
48060,"Watertown-Fort Drum, NY (Metropolitan Statistical Area)",111422,111112,110246,109924,113486,113650,115059,115033,115023,116571,118161,120730,119112,118724,117260,114006
48140,"Wausau, WI (Metropolitan Statistical Area)",126459,126880,127311,127855,128958,130516,131773,133036,133793,134066,134509,134621,135242,135589,135782,135603
48260,"Weirton-Steubenville, WV-OH (Metropolitan Statistical Area)",130701,129750,129141,128241,127464,126321,125236,124959,124734,124279,123327,122479,121938,121312,120519,119271
48300,"Wenatchee, WA (Metropolitan Statistical Area)",99361,99786,100654,101968,103369,105094,106717,108029,109614,111301,112100,112962,113418,114258,116007,117665
48540,"Wheeling, WV-OH (Metropolitan Statistical Area)",151728,151442,150666,150186,149438,149208,148727,148073,147910,147856,147064,146331,145736,144799,144058,142982
48620,"Wichita, KS (Metropolitan Statistical Area)",584043,588719,590712,593004,596270,601501,608816,617142,627215,631911,633220,636054,638198,640588,643016,644672
48660,"Wichita Falls, TX (Metropolitan Statistical Area)",150770,150995,150694,152033,151152,151596,150641,150287,150768,151648,150369,151102,151710,152222,150557,150734
48700,"Williamsport, PA (Metropolitan Statistical Area)",118930,118344,118108,117911,117530,116983,116524,116147,116081,116196,116677,117319,116720,116450,115829,115248
48900,"Wilmington, NC (Metropolitan Statistical Area)",205996,210563,214877,222498,230897,238272,243520,248260,251814,255657,259265,263073,268179,272567,277548,282573
49020,"Winchester, VA-WV (Metropolitan Statistical Area)*",106252,108945,111464,114383,117847,121229,123863,125728,127333,128703,130030,131010,132164,133350,133866,135238
49180,"Winston-Salem, NC (Metropolitan Statistical Area)",578186,584321,588964,594765,602805,613494,623068,632186,637688,641413,644720,647510,650902,654604,657846,662079
49340,"Worcester, MA-CT (Metropolitan Statistical Area)",871081,879568,887129,892171,896901,902123,905524,908735,913363,918873,922177,924204,927898,931218,934233,935781
49420,"Yakima, WA (Metropolitan Statistical Area)",222757,223402,225161,227280,228570,230617,232733,235272,239604,244324,246223,246568,246911,247175,248115,249636
49620,"York-Hanover, PA (Metropolitan Statistical Area)",385773,389692,395093,401403,409066,418043,424919,429399,433022,435540,436845,437641,439117,440590,441929,443744
49660,"Youngstown-Warren-Boardman, OH-PA (Metropolitan Statistical Area)",599116,594958,592016,588478,584222,580420,575543,570952,568156,564881,562450,558954,556106,553407,549390,544746
49700,"Yuba City, CA (Metropolitan Statistical Area)",141387,144262,147404,150226,155049,160384,163720,165628,165973,167152,167162,167263,168034,169012,170277,171926
49740,"Yuma, AZ (Metropolitan Statistical Area)*",162873,165398,168003,172824,178816,183848,187357,191202,193714,197071,202539,202160,201851,203111,203706,205631
Legend / Footnotes:,,,,,,,,,,,,,,,,,
1/ Census Bureau midyear population estimates. Estimates for 2010-2016 reflect county population estimates available as of March 2017.,,,,,,,,,,,,,,,,,
"* Cibola, NM was separated from Valencia in June 1981, but in these estimates, Valencia includes Cibola through the end of 1981.",,,,,,,,,,,,,,,,,
"* La Paz County, AZ was separated from Yuma County on January 1, 1983. The Yuma, AZ MSA contains the area that became La Paz County, AZ through 1982 and excludes it beginning with 1983.",,,,,,,,,,,,,,,,,
"* Broomfield County, CO, was created from parts of Adams, Boulder, Jefferson, and Weld counties effective November 15, 2001. Estimates for Broomfield county begin with 2002.",,,,,,,,,,,,,,,,,
"* Estimates for 1979 forward reflect Alaska Census Areas as defined by the Census Bureau; those for prior years reflect Alaska Census Divisions as defined in the 1970 Decennial Census. Estimates from 1988 forward separate Aleutian Islands Census Area into Aleutians East Borough and Aleutians West Census Area. Estimates for 1991 forward separate Denali Borough from Yukon-Koyukuk Census Area and Lake and Peninsula Borough from Dillingham Census Area. Estimates from 1993 forward separate Skagway-Yakutat-Angoon Census Area into Skagway-Hoonah-Angoon Census Area and Yakutat Borough. Estimates from 2008 forward separate Skagway-Hoonah-Angoon Census Area into Skagway Municipality and Hoonah-Angoon Census Area. Estimates from 2009 forward separate Wrangell-Petersburg Census Area into Petersburg Census Area and Wrangell City and Borough. In addition, a part of the Prince of Wales-Outer Ketchikan Census Area was annexed by Ketchikan Gateway Borough and part (Meyers Chuck Area) was included in the new Wrangell City and Borough. The remainder of the Prince of Wales-Outer Ketchikan Census Area was renamed Prince of Wales-Hyder Census Area. Petersburg Borough was created from part of former Petersburg Census Area and part of Hoonah-Angoon Census Area for 2013 forward. Prince of Wales-Hyder Census Area added part of the former Petersburg Census Area beginning in 2013. For years 2009-2012, Petersburg Borough reflects the geographic boundaries of the former Petersburg Census Area. Wade Hampton Census Area was renamed Kusilvak Census Area on July 1, 2015.",,,,,,,,,,,,,,,,,
"* Virginia combination areas consist of one or two independent cities with 1980 populations of less than 100,000 combined with an adjacent county. The county name appears first, followed by the city name(s). Separate estimates for the jurisdictions making up the combination area are not available. Bedford County, VA includes the independent city of Bedford for all years.",,,,,,,,,,,,,,,,,
Note-- All dollar estimates are in current dollars (not adjusted for inflation).,,,,,,,,,,,,,,,,,
"Last updated: November 16, 2017-- new estimates for 2016; revised estimates for 2010-2015.",,,,,,,,,,,,,,,,,